request_id,created_at,status_code,time_to_first_token,time_to_completion,model,api_key_id,project_id,input_tokens,input_non_cached_tokens,input_cached_tokens,input_audio_seconds,output_tokens,error
req_01ks28634yets82njf6f0me4md,1779265899678,400,0,0.000498,deepseek-r1-distill-llama-70b,key_01krwwnjdtfsmb85yzw3w6qpkn,project_01krg4y4z2edptxs4m7b1c78hc,0,0,0,0,0,"{\"code\":\"model_decommissioned\",\"message\":\"The model `deepseek-r1-distill-llama-70b` has been decommissioned and is no longer supported. Please refer to https://console.groq.com/docs/deprecations for a recommendation on which model to use instead.\",\"param\":\"\",\"type\":\"invalid_request_error\"}"
req_01ks283a7hehy8mvgje8yn3442,1779265808625,200,0.468915,0.557469,meta-llama/llama-4-scout-17b-16e-instruct,key_01krwwnjdtfsmb85yzw3w6qpkn,project_01krg4y4z2edptxs4m7b1c78hc,3208,3208,0,0,40
req_01ks2836vneh8abpsk0y1f8asv,1779265805173,200,1.763981,1.805157,meta-llama/llama-4-scout-17b-16e-instruct,key_01krwwnjdtfsmb85yzw3w6qpkn,project_01krg4y4z2edptxs4m7b1c78hc,3187,3187,0,0,19
req_01ks2828sgecrr0yhatvp384e9,1779265774384,200,0.383802,0.506362,meta-llama/llama-4-scout-17b-16e-instruct,key_01krwwnjdtfsmb85yzw3w6qpkn,project_01krg4y4z2edptxs4m7b1c78hc,3092,3092,0,0,55
req_01ks281va9ebfsapa5hv0313bg,1779265760585,200,0.333975,0.368311,meta-llama/llama-4-scout-17b-16e-instruct,key_01krwwnjdtfsmb85yzw3w6qpkn,project_01krg4y4z2edptxs4m7b1c78hc,3057,3057,0,0,16
req_01ks281mfqehrbtkaysfwh00ra,1779265753591,200,0.245041,0.918727,meta-llama/llama-4-scout-17b-16e-instruct,key_01krwwnjdtfsmb85yzw3w6qpkn,project_01krg4y4z2edptxs4m7b1c78hc,2552,2552,0,0,295
req_01ks280xh4e7mtjw4m25mr0d3v,1779265730084,200,0.160422,0.278258,meta-llama/llama-4-scout-17b-16e-instruct,key_01krwwnjdtfsmb85yzw3w6qpkn,project_01krg4y4z2edptxs4m7b1c78hc,2565,2565,0,0,53
req_01ks280t4qe6yasqa7p1qnqfzw,1779265726615,200,0.175259,0.198133,meta-llama/llama-4-scout-17b-16e-instruct,key_01krwwnjdtfsmb85yzw3w6qpkn,project_01krg4y4z2edptxs4m7b1c78hc,2518,2518,0,0,11
req_01ks27zwbsfs893jcrtz1zn194,1779265696121,200,0.164566,0.227827,meta-llama/llama-4-scout-17b-16e-instruct,key_01krwwnjdtfsmb85yzw3w6qpkn,project_01krg4y4z2edptxs4m7b1c78hc,2430,2430,0,0,29
req_01ks27zv0se1v9j3a8tc6bahq5,1779265694745,200,0.487313,0.985596,meta-llama/llama-4-scout-17b-16e-instruct,key_01krwwnjdtfsmb85yzw3w6qpkn,project_01krg4y4z2edptxs4m7b1c78hc,2317,2317,0,0,221
req_01ks27xyzxe29ry4tzw412asbr,1779265633277,200,0.951649,1.177949,meta-llama/llama-4-scout-17b-16e-instruct,key_01krwwnjdtfsmb85yzw3w6qpkn,project_01krg4y4z2edptxs4m7b1c78hc,2252,2252,0,0,101
req_01ks27x11bfzjtj4zjsp004t84,1779265602603,200,0.172782,0.306914,meta-llama/llama-4-scout-17b-16e-instruct,key_01krwwnjdtfsmb85yzw3w6qpkn,project_01krg4y4z2edptxs4m7b1c78hc,2390,2390,0,0,60
req_01ks27v5cgf9e9v817mh74g05z,1779265541520,200,0.666373,0.725473,meta-llama/llama-4-scout-17b-16e-instruct,key_01krwwnjdtfsmb85yzw3w6qpkn,project_01krg4y4z2edptxs4m7b1c78hc,2596,2596,0,0,27
req_01ks27t740ez8sphwqa0x4tz5a,1779265510528,200,0.637358,0.771488,meta-llama/llama-4-scout-17b-16e-instruct,key_01krwwnjdtfsmb85yzw3w6qpkn,project_01krg4y4z2edptxs4m7b1c78hc,2489,2489,0,0,60
req_01ks27t53sf5ds7m27mhh61cp4,1779265508473,200,0.58338,0.624479,meta-llama/llama-4-scout-17b-16e-instruct,key_01krwwnjdtfsmb85yzw3w6qpkn,project_01krg4y4z2edptxs4m7b1c78hc,2455,2455,0,0,19
req_01ks27s71wewn9fwznskee12z0,1779265477692,200,0.322609,0.408771,meta-llama/llama-4-scout-17b-16e-instruct,key_01krwwnjdtfsmb85yzw3w6qpkn,project_01krg4y4z2edptxs4m7b1c78hc,2419,2419,0,0,39
req_01ks27qbbkevfahv4kgk2tkmsn,1779265416563,200,0.708236,0.842084,meta-llama/llama-4-scout-17b-16e-instruct,key_01krwwnjdtfsmb85yzw3w6qpkn,project_01krg4y4z2edptxs4m7b1c78hc,2824,2824,0,0,60
req_01ks27qaa2enf9v914p6vfg3v7,1779265415490,200,0.62692,0.761142,meta-llama/llama-4-scout-17b-16e-instruct,key_01krwwnjdtfsmb85yzw3w6qpkn,project_01krg4y4z2edptxs4m7b1c78hc,2707,2707,0,0,60
req_01ks27q9eyev9tpqf89hgzmy4s,1779265414622,200,0.343181,0.366509,meta-llama/llama-4-scout-17b-16e-instruct,key_01krwwnjdtfsmb85yzw3w6qpkn,project_01krg4y4z2edptxs4m7b1c78hc,2746,2746,0,0,11
req_01ks27pbdvejtv8pg6y5mzqxx8,1779265383867,200,0.21073,0.345138,meta-llama/llama-4-scout-17b-16e-instruct,key_01krwwnjdtfsmb85yzw3w6qpkn,project_01krg4y4z2edptxs4m7b1c78hc,2637,2637,0,0,60
req_01ks27p9zreq68f0dxmqz2s62d,1779265382392,200,0.200693,1.26036,meta-llama/llama-4-scout-17b-16e-instruct,key_01krwwnjdtfsmb85yzw3w6qpkn,project_01krg4y4z2edptxs4m7b1c78hc,2608,2608,0,0,469
req_01ks27nbbrehybsva2etkwrzv9,1779265351032,200,0.997376,1.126595,meta-llama/llama-4-scout-17b-16e-instruct,key_01krwwnjdtfsmb85yzw3w6qpkn,project_01krg4y4z2edptxs4m7b1c78hc,2490,2490,0,0,58
req_01ks27n7npee6b9t39shhm5a43,1779265347254,200,2.166078,2.776942,meta-llama/llama-4-scout-17b-16e-instruct,key_01krwwnjdtfsmb85yzw3w6qpkn,project_01krg4y4z2edptxs4m7b1c78hc,2183,2183,0,0,270
req_01ks27n7cwehq8jypy2n7wrvdb,1779265346972,200,1.5166309999999998,1.557515,meta-llama/llama-4-scout-17b-16e-instruct,key_01krwwnjdtfsmb85yzw3w6qpkn,project_01krg4y4z2edptxs4m7b1c78hc,2130,2130,0,0,19
req_01ks27mf78f4480vn6m42nb2cz,1779265322216,200,0.535665,0.554041,meta-llama/llama-4-scout-17b-16e-instruct,key_01krwwnjdtfsmb85yzw3w6qpkn,project_01krg4y4z2edptxs4m7b1c78hc,141,141,0,0,9
req_01ks27jwrbf0d8sjm7dqmqe8v8,1779265270539,200,0.4944,0.908989,meta-llama/llama-4-scout-17b-16e-instruct,key_01krwwnjdtfsmb85yzw3w6qpkn,project_01krg4y4z2edptxs4m7b1c78hc,2413,2413,0,0,184
req_01ks27jenrezea9swk1kpa6hy2,1779265256120,200,0.196027,0.320359,meta-llama/llama-4-scout-17b-16e-instruct,key_01krwwnjdtfsmb85yzw3w6qpkn,project_01krg4y4z2edptxs4m7b1c78hc,2416,2416,0,0,56
req_01ks27jcyxe6vr2fax95ndjphn,1779265254365,200,0.17771,1.356446,meta-llama/llama-4-scout-17b-16e-instruct,key_01krwwnjdtfsmb85yzw3w6qpkn,project_01krg4y4z2edptxs4m7b1c78hc,2334,2334,0,0,523
req_01ks27gxtwfzha5r6kd2ba02wh,1779265206108,200,0.424556,0.4564,meta-llama/llama-4-scout-17b-16e-instruct,key_01krwwnjdtfsmb85yzw3w6qpkn,project_01krg4y4z2edptxs4m7b1c78hc,2251,2251,0,0,15
req_01ks27f2nefvr861dkcfxggg36,1779265145518,200,0.164671,0.262036,meta-llama/llama-4-scout-17b-16e-instruct,key_01krwwnjdtfsmb85yzw3w6qpkn,project_01krg4y4z2edptxs4m7b1c78hc,2361,2361,0,0,44
req_01ks27ez1sfv89w57p2723d2kf,1779265141817,200,0.165769,0.920686,meta-llama/llama-4-scout-17b-16e-instruct,key_01krwwnjdtfsmb85yzw3w6qpkn,project_01krg4y4z2edptxs4m7b1c78hc,2304,2304,0,0,334
req_01ks27c6d1fhdrn3y079ppk0ke,1779265051041,200,0.170123,0.311548,meta-llama/llama-4-scout-17b-16e-instruct,key_01krwwnjdtfsmb85yzw3w6qpkn,project_01krg4y4z2edptxs4m7b1c78hc,2252,2252,0,0,63
req_01ks27b893ee5tcmkqznr2k2ks,1779265020195,200,0.393458,0.482091,meta-llama/llama-4-scout-17b-16e-instruct,key_01krwwnjdtfsmb85yzw3w6qpkn,project_01krg4y4z2edptxs4m7b1c78hc,2263,2263,0,0,40
req_01ks279ckae8q9m5ptassr4gce,1779264959082,200,0.52485,0.654644,meta-llama/llama-4-scout-17b-16e-instruct,key_01krwwnjdtfsmb85yzw3w6qpkn,project_01krg4y4z2edptxs4m7b1c78hc,2407,2407,0,0,58
req_01ks278cj9e5atxf9jvnkqr9y0,1779264926281,200,2.2532170000000002,2.3779120000000002,meta-llama/llama-4-scout-17b-16e-instruct,key_01krwwnjdtfsmb85yzw3w6qpkn,project_01krg4y4z2edptxs4m7b1c78hc,2354,2354,0,0,56
req_01ks277eaqf1f8gp0nzyr3rmht,1779264895319,200,0.399495,0.565159,meta-llama/llama-4-scout-17b-16e-instruct,key_01krwwnjdtfsmb85yzw3w6qpkn,project_01krg4y4z2edptxs4m7b1c78hc,2267,2267,0,0,74
req_01ks277d3je2dbe2zrhg182j1y,1779264894066,200,0.679911,0.781737,meta-llama/llama-4-scout-17b-16e-instruct,key_01krwwnjdtfsmb85yzw3w6qpkn,project_01krg4y4z2edptxs4m7b1c78hc,2182,2182,0,0,46
req_01ks277asgeyy8jt2y9mkvv7c1,1779264891696,200,0.14103,0.184142,meta-llama/llama-4-scout-17b-16e-instruct,key_01krwwnjdtfsmb85yzw3w6qpkn,project_01krg4y4z2edptxs4m7b1c78hc,2143,2143,0,0,20
req_01ks274hxwft3bmvd5s0wtxyh4,1779264800700,200,0.158794,0.386338,meta-llama/llama-4-scout-17b-16e-instruct,key_01krwwnjdtfsmb85yzw3w6qpkn,project_01krg4y4z2edptxs4m7b1c78hc,2155,2155,0,0,101
req_01ks273ns7fqxr40jjs1yyxhvk,1779264771879,200,0.143591,0.469223,meta-llama/llama-4-scout-17b-16e-instruct,key_01krwwnjdtfsmb85yzw3w6qpkn,project_01krg4y4z2edptxs4m7b1c78hc,2027,2027,0,0,145
req_01ks273m5deh4vvy8z5d5xj135,1779264770221,200,0.182884,0.275721,meta-llama/llama-4-scout-17b-16e-instruct,key_01krwwnjdtfsmb85yzw3w6qpkn,project_01krg4y4z2edptxs4m7b1c78hc,1986,1986,0,0,42
req_01ks2736rdfpgvyyvgsjnv6qe9,1779264756493,200,0.394012,0.405524,meta-llama/llama-4-scout-17b-16e-instruct,key_01krwwnjdtfsmb85yzw3w6qpkn,project_01krg4y4z2edptxs4m7b1c78hc,117,117,0,0,6
req_01ks270vg9ffnr21hzz91s026d,1779264679433,200,0.176937,0.288169,meta-llama/llama-4-scout-17b-16e-instruct,key_01krwwnjdtfsmb85yzw3w6qpkn,project_01krg4y4z2edptxs4m7b1c78hc,1982,1982,0,0,50
req_01ks26zwrce238vep9yybcjm1z,1779264647948,200,0.986978,1.177794,meta-llama/llama-4-scout-17b-16e-instruct,key_01krwwnjdtfsmb85yzw3w6qpkn,project_01krg4y4z2edptxs4m7b1c78hc,1922,1922,0,0,85
req_01ks26zvgqe73twfxdfaxsn226,1779264646679,200,0.665091,1.111317,meta-llama/llama-4-scout-17b-16e-instruct,key_01krwwnjdtfsmb85yzw3w6qpkn,project_01krg4y4z2edptxs4m7b1c78hc,1843,1843,0,0,198
req_01ks26zt5ve1msdwd363j33grh,1779264645307,200,1.367713,2.304837,meta-llama/llama-4-scout-17b-16e-instruct,key_01krwwnjdtfsmb85yzw3w6qpkn,project_01krg4y4z2edptxs4m7b1c78hc,1828,1828,0,0,415
req_01ks26z4yse3kvss4ys6dezx0d,1779264623577,200,0.062392,0.070674,meta-llama/llama-4-scout-17b-16e-instruct,key_01krwwnjdtfsmb85yzw3w6qpkn,project_01krg4y4z2edptxs4m7b1c78hc,103,103,0,0,4
req_01ks26x2xrfrsvd7bj51dxwzzd,1779264555960,200,0.188881,0.659969,meta-llama/llama-4-scout-17b-16e-instruct,key_01krwwnjdtfsmb85yzw3w6qpkn,project_01krg4y4z2edptxs4m7b1c78hc,1592,1592,0,0,208
req_01ks26wz67fgprj2hqw621pnwv,1779264552136,200,1.768097,1.779753,meta-llama/llama-4-scout-17b-16e-instruct,key_01krwwnjdtfsmb85yzw3w6qpkn,project_01krg4y4z2edptxs4m7b1c78hc,103,103,0,0,6
req_01ks26tta5fabbbd0j5g2sxv7s,1779264481605,200,0.124698,0.693594,meta-llama/llama-4-scout-17b-16e-instruct,key_01krwwnjdtfsmb85yzw3w6qpkn,project_01krg4y4z2edptxs4m7b1c78hc,1346,1346,0,0,252
req_01ks26ta69eqeap8889bmg18v1,1779264465097,200,0.102973,0.66011,meta-llama/llama-4-scout-17b-16e-instruct,key_01krwwnjdtfsmb85yzw3w6qpkn,project_01krg4y4z2edptxs4m7b1c78hc,1088,1088,0,0,247
req_01ks26t9e2f8ftfr27j8fpmvvt,1779264464322,200,0.264866,0.445444,meta-llama/llama-4-scout-17b-16e-instruct,key_01krwwnjdtfsmb85yzw3w6qpkn,project_01krg4y4z2edptxs4m7b1c78hc,1054,1054,0,0,81
req_01ks26s5yjfbq9r36t44sgxy3m,1779264427986,200,0.1357,0.156317,meta-llama/llama-4-scout-17b-16e-instruct,key_01krwwnjdtfsmb85yzw3w6qpkn,project_01krg4y4z2edptxs4m7b1c78hc,88,88,0,0,10
req_01ks26qgf6ehbr51ejf1t2mqs5,1779264373222,200,0.288633,0.631716,meta-llama/llama-4-scout-17b-16e-instruct,key_01krwwnjdtfsmb85yzw3w6qpkn,project_01krg4y4z2edptxs4m7b1c78hc,1173,1173,0,0,152
req_01ks26phm4eer9npps1gs62s9t,1779264341636,200,1.174398,1.279157,meta-llama/llama-4-scout-17b-16e-instruct,key_01krwwnjdtfsmb85yzw3w6qpkn,project_01krg4y4z2edptxs4m7b1c78hc,1151,1151,0,0,47
req_01ks26njjpf1b8059sfkhb7jy4,1779264309846,200,1.194243,1.33684,meta-llama/llama-4-scout-17b-16e-instruct,key_01krwwnjdtfsmb85yzw3w6qpkn,project_01krg4y4z2edptxs4m7b1c78hc,1098,1098,0,0,64
req_01ks26nhcaesv8gctr5gg96rv0,1779264308618,200,0.898186,0.98967,meta-llama/llama-4-scout-17b-16e-instruct,key_01krwwnjdtfsmb85yzw3w6qpkn,project_01krg4y4z2edptxs4m7b1c78hc,951,951,0,0,41
req_01ks26kp3dewv919xevf47r31r,1779264247917,200,0.17996,0.335958,meta-llama/llama-4-scout-17b-16e-instruct,key_01krwwnjdtfsmb85yzw3w6qpkn,project_01krg4y4z2edptxs4m7b1c78hc,1218,1218,0,0,70
req_01ks26kcf2e6tr9hathy1xjjjd,1779264238050,200,1.332009,1.5739589999999999,meta-llama/llama-4-scout-17b-16e-instruct,key_01krwwnjdtfsmb85yzw3w6qpkn,project_01krg4y4z2edptxs4m7b1c78hc,918,918,0,0,108
req_01ks26jr3vegyvkm4sn5efazbg,1779264217211,200,0.163952,0.340781,meta-llama/llama-4-scout-17b-16e-instruct,key_01krwwnjdtfsmb85yzw3w6qpkn,project_01krg4y4z2edptxs4m7b1c78hc,1102,1102,0,0,79
req_01ks26hstreqdb2bszxr3q1hm3,1779264186200,200,0.616506,0.734501,meta-llama/llama-4-scout-17b-16e-instruct,key_01krwwnjdtfsmb85yzw3w6qpkn,project_01krg4y4z2edptxs4m7b1c78hc,1009,1009,0,0,53
req_01ks26hravedzaswg4ay20hq1b,1779264184667,200,1.036637,1.068776,meta-llama/llama-4-scout-17b-16e-instruct,key_01krwwnjdtfsmb85yzw3w6qpkn,project_01krg4y4z2edptxs4m7b1c78hc,1049,1049,0,0,15
req_01ks26gtcfen08ejnx9hy0rbdt,1779264153999,200,0.145852,0.291032,meta-llama/llama-4-scout-17b-16e-instruct,key_01krwwnjdtfsmb85yzw3w6qpkn,project_01krg4y4z2edptxs4m7b1c78hc,935,935,0,0,65
req_01ks26gtb1e03r1p9y6t54jzaa,1779264153953,200,0.342199,0.458209,meta-llama/llama-4-scout-17b-16e-instruct,key_01krwwnjdtfsmb85yzw3w6qpkn,project_01krg4y4z2edptxs4m7b1c78hc,907,907,0,0,52
req_01ks26gt0hea6rhzphk12gmvj0,1779264153617,200,0.095537,0.125217,meta-llama/llama-4-scout-17b-16e-instruct,key_01krwwnjdtfsmb85yzw3w6qpkn,project_01krg4y4z2edptxs4m7b1c78hc,903,903,0,0,14
req_01ks26dnzkfm29sk75v0xa6fy1,1779264051187,200,0.091526,0.108025,meta-llama/llama-4-scout-17b-16e-instruct,key_01krwwnjdtfsmb85yzw3w6qpkn,project_01krg4y4z2edptxs4m7b1c78hc,97,97,0,0,8
req_01ks26c77kf7pv083awhk16zhh,1779264003315,200,0.487517,0.716889,meta-llama/llama-4-scout-17b-16e-instruct,key_01krwwnjdtfsmb85yzw3w6qpkn,project_01krg4y4z2edptxs4m7b1c78hc,4084,4084,0,0,102
req_01ks26c65ffjm9g1hsxwyazyqw,1779264002223,200,0.779257,0.976427,meta-llama/llama-4-scout-17b-16e-instruct,key_01krwwnjdtfsmb85yzw3w6qpkn,project_01krg4y4z2edptxs4m7b1c78hc,4410,4410,0,0,88
req_01ks26b804eyxt9mwkaqrcnp03,1779263971332,200,0.278709,0.442609,meta-llama/llama-4-scout-17b-16e-instruct,key_01krwwnjdtfsmb85yzw3w6qpkn,project_01krg4y4z2edptxs4m7b1c78hc,4423,4423,0,0,73
req_01ks269p0jfm6v3zrkbdefpxfw,1779263920146,200,0.233378,1.54028,meta-llama/llama-4-scout-17b-16e-instruct,key_01krwwnjdtfsmb85yzw3w6qpkn,project_01krg4y4z2edptxs4m7b1c78hc,3674,3674,0,0,579
req_01ks268k90eqdr6qkz859xnsp7,1779263884576,200,0.322297,0.354208,meta-llama/llama-4-scout-17b-16e-instruct,key_01krwwnjdtfsmb85yzw3w6qpkn,project_01krg4y4z2edptxs4m7b1c78hc,3930,3930,0,0,15
req_01ks268c2kf0v85tj7jhgfv2be,1779263877203,200,0.413692,0.933534,meta-llama/llama-4-scout-17b-16e-instruct,key_01krwwnjdtfsmb85yzw3w6qpkn,project_01krg4y4z2edptxs4m7b1c78hc,3552,3552,0,0,231
req_01ks266zv6ejfr9syrd4y2nraf,1779263831910,200,0.228219,0.974146,meta-llama/llama-4-scout-17b-16e-instruct,key_01krwwnjdtfsmb85yzw3w6qpkn,project_01krg4y4z2edptxs4m7b1c78hc,3309,3309,0,0,331
req_01ks266qkcehf8e246mm438y3r,1779263823468,200,0.21845,0.537339,meta-llama/llama-4-scout-17b-16e-instruct,key_01krwwnjdtfsmb85yzw3w6qpkn,project_01krg4y4z2edptxs4m7b1c78hc,3209,3209,0,0,142
req_01ks264xtmeczbp7sr8v31v0bn,1779263764308,200,0.387637,0.433064,meta-llama/llama-4-scout-17b-16e-instruct,key_01krwwnjdtfsmb85yzw3w6qpkn,project_01krg4y4z2edptxs4m7b1c78hc,3106,3106,0,0,21
req_01ks2646sceb9trckb40c3e190,1779263740716,200,0.178656,0.215245,meta-llama/llama-4-scout-17b-16e-instruct,key_01krwwnjdtfsmb85yzw3w6qpkn,project_01krg4y4z2edptxs4m7b1c78hc,3038,3038,0,0,17
req_01ks263zswef7rxyfq6t7y6mbd,1779263733564,200,0.246473,0.30106,meta-llama/llama-4-scout-17b-16e-instruct,key_01krwwnjdtfsmb85yzw3w6qpkn,project_01krg4y4z2edptxs4m7b1c78hc,3053,3053,0,0,25
req_01ks2631n8e6tr16azbrygdg7w,1779263702696,200,0.200005,0.308951,meta-llama/llama-4-scout-17b-16e-instruct,key_01krwwnjdtfsmb85yzw3w6qpkn,project_01krg4y4z2edptxs4m7b1c78hc,3036,3036,0,0,49
req_01ks26233se3ds05vczagwce2r,1779263671417,200,0.174846,0.602817,meta-llama/llama-4-scout-17b-16e-instruct,key_01krwwnjdtfsmb85yzw3w6qpkn,project_01krg4y4z2edptxs4m7b1c78hc,2937,2937,0,0,190
req_01ks261507e0daxtc3arbztg5h,1779263640583,200,0.217582,0.326254,meta-llama/llama-4-scout-17b-16e-instruct,key_01krwwnjdtfsmb85yzw3w6qpkn,project_01krg4y4z2edptxs4m7b1c78hc,2894,2894,0,0,49
req_01ks25z9f4ejes78tckmw21zgf,1779263579620,200,0.240491,0.390515,meta-llama/llama-4-scout-17b-16e-instruct,key_01krwwnjdtfsmb85yzw3w6qpkn,project_01krg4y4z2edptxs4m7b1c78hc,2919,2919,0,0,67
req_01ks25xdyefj6vs1p98zqnt1t6,1779263518670,200,0.206524,0.376038,meta-llama/llama-4-scout-17b-16e-instruct,key_01krwwnjdtfsmb85yzw3w6qpkn,project_01krg4y4z2edptxs4m7b1c78hc,3202,3202,0,0,76
req_01ks25xdc6fj2vtd9rckbfg77h,1779263518086,200,0.181993,0.200808,meta-llama/llama-4-scout-17b-16e-instruct,key_01krwwnjdtfsmb85yzw3w6qpkn,project_01krg4y4z2edptxs4m7b1c78hc,3224,3224,0,0,9
req_01ks25wf82e7h9m0y3c4tg0phq,1779263487234,200,0.305885,0.516987,meta-llama/llama-4-scout-17b-16e-instruct,key_01krwwnjdtfsmb85yzw3w6qpkn,project_01krg4y4z2edptxs4m7b1c78hc,3125,3125,0,0,94
req_01ks25v453f9z9pa90ze9xax8d,1779263443107,200,0.183017,0.251014,meta-llama/llama-4-scout-17b-16e-instruct,key_01krwwnjdtfsmb85yzw3w6qpkn,project_01krg4y4z2edptxs4m7b1c78hc,3050,3050,0,0,31
req_01ks25sj0nfwkrdvm744b9z559,1779263391765,200,0.504734,0.993455,meta-llama/llama-4-scout-17b-16e-instruct,key_01krwwnjdtfsmb85yzw3w6qpkn,project_01krg4y4z2edptxs4m7b1c78hc,2757,2757,0,0,217
req_01ks25s8sbf3st29j88cqbd5tb,1779263382315,200,0.200512,0.407231,meta-llama/llama-4-scout-17b-16e-instruct,key_01krwwnjdtfsmb85yzw3w6qpkn,project_01krg4y4z2edptxs4m7b1c78hc,2730,2730,0,0,92
req_01ks25qd8den18aq8r9jjmj0eg,1779263321357,200,0.285603,0.543756,meta-llama/llama-4-scout-17b-16e-instruct,key_01krwwnjdtfsmb85yzw3w6qpkn,project_01krg4y4z2edptxs4m7b1c78hc,2581,2581,0,0,115
req_01ks25neccfd3tcq5jt58xkzwn,1779263256972,200,0.16885,0.223734,meta-llama/llama-4-scout-17b-16e-instruct,key_01krwwnjdtfsmb85yzw3w6qpkn,project_01krg4y4z2edptxs4m7b1c78hc,2521,2521,0,0,25
req_01ks25khvpe4cr813zna1m79rj,1779263194998,200,0.270384,0.279793,meta-llama/llama-4-scout-17b-16e-instruct,key_01krwwnjdtfsmb85yzw3w6qpkn,project_01krg4y4z2edptxs4m7b1c78hc,2537,2537,0,0,5
req_01ks25jm0yfvssdrg9dadb168j,1779263164446,200,0.160665,0.170068,meta-llama/llama-4-scout-17b-16e-instruct,key_01krwwnjdtfsmb85yzw3w6qpkn,project_01krg4y4z2edptxs4m7b1c78hc,2484,2484,0,0,5
req_01ks25fq96ff19xr19pq93z53z,1779263069478,200,0.340628,0.878796,meta-llama/llama-4-scout-17b-16e-instruct,key_01krwwnjdtfsmb85yzw3w6qpkn,project_01krg4y4z2edptxs4m7b1c78hc,2401,2401,0,0,238
req_01ks25exv8fb4v3gan5zneg8f2,1779263043432,200,0.190885,0.231728,meta-llama/llama-4-scout-17b-16e-instruct,key_01krwwnjdtfsmb85yzw3w6qpkn,project_01krg4y4z2edptxs4m7b1c78hc,2604,2604,0,0,19
req_01ks25dzsfecwb73x3e6z5yg3b,1779263012655,200,0.188115,0.444689,meta-llama/llama-4-scout-17b-16e-instruct,key_01krwwnjdtfsmb85yzw3w6qpkn,project_01krg4y4z2edptxs4m7b1c78hc,2573,2573,0,0,114
req_01ks25d1vvf3wr913ps2hn2yvx,1779262982011,200,0.164049,0.272788,meta-llama/llama-4-scout-17b-16e-instruct,key_01krwwnjdtfsmb85yzw3w6qpkn,project_01krg4y4z2edptxs4m7b1c78hc,2407,2407,0,0,49
req_01ks25d0zaea4rzcjmq2h6r5j5,1779262981098,200,0.420057,0.438571,meta-llama/llama-4-scout-17b-16e-instruct,key_01krwwnjdtfsmb85yzw3w6qpkn,project_01krg4y4z2edptxs4m7b1c78hc,2457,2457,0,0,9
req_01ks25c2phf05vzd53th3ccs52,1779262950097,200,0.213536,0.507722,meta-llama/llama-4-scout-17b-16e-instruct,key_01krwwnjdtfsmb85yzw3w6qpkn,project_01krg4y4z2edptxs4m7b1c78hc,2281,2281,0,0,131
req_01ks25c22zf03b58dk9dna55qb,1779262949471,200,0.15388,0.172606,meta-llama/llama-4-scout-17b-16e-instruct,key_01krwwnjdtfsmb85yzw3w6qpkn,project_01krg4y4z2edptxs4m7b1c78hc,2254,2254,0,0,9
req_01ks25a5qkezptqrpek2ss09md,1779262887667,200,0.324455,1.124051,meta-llama/llama-4-scout-17b-16e-instruct,key_01krwwnjdtfsmb85yzw3w6qpkn,project_01krg4y4z2edptxs4m7b1c78hc,2060,2060,0,0,354
req_01ks2597kbewevhhkmv7cscsrc,1779262856811,200,0.146136,0.40644,meta-llama/llama-4-scout-17b-16e-instruct,key_01krwwnjdtfsmb85yzw3w6qpkn,project_01krg4y4z2edptxs4m7b1c78hc,1871,1871,0,0,115
req_01ks256fdafgwrwzgyxd9z57fp,1779262766506,200,0.143269,0.399245,meta-llama/llama-4-scout-17b-16e-instruct,key_01krwwnjdtfsmb85yzw3w6qpkn,project_01krg4y4z2edptxs4m7b1c78hc,1822,1822,0,0,114
req_01ks256f55eeq9c0pt3d5qwc81,1779262766245,200,0.132533,0.153099,meta-llama/llama-4-scout-17b-16e-instruct,key_01krwwnjdtfsmb85yzw3w6qpkn,project_01krg4y4z2edptxs4m7b1c78hc,1737,1737,0,0,10
req_01ks2563effg5bpkmv5zdpcjhg,1779262754255,200,0.060061,0.092036,meta-llama/llama-4-scout-17b-16e-instruct,key_01krwwnjdtfsmb85yzw3w6qpkn,project_01krg4y4z2edptxs4m7b1c78hc,172,172,0,0,15
req_01ks253qdhe6bayc1bvbch8pv5,1779262676401,200,0.322373,0.547484,meta-llama/llama-4-scout-17b-16e-instruct,key_01krwwnjdtfsmb85yzw3w6qpkn,project_01krg4y4z2edptxs4m7b1c78hc,1604,1604,0,0,100
req_01ks253ph6e6absmvxv75jaa2c,1779262675494,200,0.219355,0.383016,meta-llama/llama-4-scout-17b-16e-instruct,key_01krwwnjdtfsmb85yzw3w6qpkn,project_01krg4y4z2edptxs4m7b1c78hc,1542,1542,0,0,73
req_01ks251swrf4b9hdt65ytsxj6z,1779262613400,200,0.059673,0.082321,meta-llama/llama-4-scout-17b-16e-instruct,key_01krwwnjdtfsmb85yzw3w6qpkn,project_01krg4y4z2edptxs4m7b1c78hc,112,112,0,0,11
req_01ks24z3a6ewyvay8hyk5w361r,1779262524742,200,0.147519,0.206852,meta-llama/llama-4-scout-17b-16e-instruct,key_01krwwnjdtfsmb85yzw3w6qpkn,project_01krg4y4z2edptxs4m7b1c78hc,1677,1677,0,0,27
req_01ks24y59hfnv86f6r9wece21h,1779262494001,200,0.133978,0.290764,meta-llama/llama-4-scout-17b-16e-instruct,key_01krwwnjdtfsmb85yzw3w6qpkn,project_01krg4y4z2edptxs4m7b1c78hc,1679,1679,0,0,70
req_01ks24x6kter7bzthe35pzxvps,1779262462586,200,0.707946,0.794328,meta-llama/llama-4-scout-17b-16e-instruct,key_01krwwnjdtfsmb85yzw3w6qpkn,project_01krg4y4z2edptxs4m7b1c78hc,1674,1674,0,0,39
req_01ks24w8s8enevm1z702ecp3v0,1779262432040,200,0.130009,0.1758,meta-llama/llama-4-scout-17b-16e-instruct,key_01krwwnjdtfsmb85yzw3w6qpkn,project_01krg4y4z2edptxs4m7b1c78hc,1647,1647,0,0,21
req_01ks24vav5ej3b6ennk0kk6293,1779262401381,200,0.152093,0.247657,meta-llama/llama-4-scout-17b-16e-instruct,key_01krwwnjdtfsmb85yzw3w6qpkn,project_01krg4y4z2edptxs4m7b1c78hc,1640,1640,0,0,43
req_01ks24tdxaeew86jcpgpw3xtwm,1779262371754,200,0.274031,0.414078,meta-llama/llama-4-scout-17b-16e-instruct,key_01krwwnjdtfsmb85yzw3w6qpkn,project_01krg4y4z2edptxs4m7b1c78hc,1578,1578,0,0,63
req_01ks24tc6dfc0tyfbxv3qe75jn,1779262369997,200,0.126305,0.75257,meta-llama/llama-4-scout-17b-16e-instruct,key_01krwwnjdtfsmb85yzw3w6qpkn,project_01krg4y4z2edptxs4m7b1c78hc,1654,1654,0,0,278
req_01ks24qnk5f6v9r347arr6e0yz,1779262281317,200,0.181135,0.195031,meta-llama/llama-4-scout-17b-16e-instruct,key_01krwwnjdtfsmb85yzw3w6qpkn,project_01krg4y4z2edptxs4m7b1c78hc,123,123,0,0,7
req_01ks24pp4pe39tqyjnnqr1hjd1,1779262249110,200,0.265174,0.439108,meta-llama/llama-4-scout-17b-16e-instruct,key_01krwwnjdtfsmb85yzw3w6qpkn,project_01krg4y4z2edptxs4m7b1c78hc,4156,4156,0,0,78
req_01ks24pjdve2zakp05gqngzxbd,1779262245307,200,0.247914,0.284586,meta-llama/llama-4-scout-17b-16e-instruct,key_01krwwnjdtfsmb85yzw3w6qpkn,project_01krg4y4z2edptxs4m7b1c78hc,4121,4121,0,0,17
req_01ks24n982f0q93jv4240sp0pd,1779262203138,200,0.358335,1.005708,meta-llama/llama-4-scout-17b-16e-instruct,key_01krwwnjdtfsmb85yzw3w6qpkn,project_01krg4y4z2edptxs4m7b1c78hc,4076,4076,0,0,287
req_01ks24mpxwe0mb1nfm7waz6sje,1779262184380,200,0.320484,0.580469,meta-llama/llama-4-scout-17b-16e-instruct,key_01krwwnjdtfsmb85yzw3w6qpkn,project_01krg4y4z2edptxs4m7b1c78hc,4098,4098,0,0,116
req_01ks24krvdewkr8t5xppw70704,1779262153581,200,0.308101,0.335536,meta-llama/llama-4-scout-17b-16e-instruct,key_01krwwnjdtfsmb85yzw3w6qpkn,project_01krg4y4z2edptxs4m7b1c78hc,4004,4004,0,0,13
req_01ks24gw2wfq4r05mw90e0qgrg,1779262058588,200,0.294614,0.702554,meta-llama/llama-4-scout-17b-16e-instruct,key_01krwwnjdtfsmb85yzw3w6qpkn,project_01krg4y4z2edptxs4m7b1c78hc,3932,3932,0,0,181
req_01ks24gvd8fq2r8nqyq14rhnpr,1779262057896,200,0.252394,0.30678,meta-llama/llama-4-scout-17b-16e-instruct,key_01krwwnjdtfsmb85yzw3w6qpkn,project_01krg4y4z2edptxs4m7b1c78hc,3910,3910,0,0,25
req_01ks24ggqrfnytawzfc35fz1ny,1779262046968,200,0.087425,0.11472,meta-llama/llama-4-scout-17b-16e-instruct,key_01krwwnjdtfsmb85yzw3w6qpkn,project_01krg4y4z2edptxs4m7b1c78hc,113,113,0,0,13
req_01ks24f006egcsgy1k9ch1ym80,1779261997062,200,0.343007,0.435903,meta-llama/llama-4-scout-17b-16e-instruct,key_01krwwnjdtfsmb85yzw3w6qpkn,project_01krg4y4z2edptxs4m7b1c78hc,5096,5096,0,0,42
req_01ks24e0qwfeqtbn9g7pcsmmg8,1779261965052,200,0.4476,1.4082729999999999,meta-llama/llama-4-scout-17b-16e-instruct,key_01krwwnjdtfsmb85yzw3w6qpkn,project_01krg4y4z2edptxs4m7b1c78hc,4716,4716,0,0,426
req_01ks24dr4yecwvk178ch732j0q,1779261956254,200,0.323417,0.923222,meta-llama/llama-4-scout-17b-16e-instruct,key_01krwwnjdtfsmb85yzw3w6qpkn,project_01krg4y4z2edptxs4m7b1c78hc,4579,4579,0,0,266
req_01ks24d2mnfc9abe60f22cq502,1779261934229,200,0.243812,0.413736,meta-llama/llama-4-scout-17b-16e-instruct,key_01krwwnjdtfsmb85yzw3w6qpkn,project_01krg4y4z2edptxs4m7b1c78hc,4489,4489,0,0,76
req_01ks24b6wgf6yt2w3w0y2241vm,1779261873040,200,0.52873,0.54514,meta-llama/llama-4-scout-17b-16e-instruct,key_01krwwnjdtfsmb85yzw3w6qpkn,project_01krg4y4z2edptxs4m7b1c78hc,4640,4640,0,0,8
req_01ks24a8kwekjt26knnmfsreyh,1779261842044,200,0.226677,0.410216,meta-llama/llama-4-scout-17b-16e-instruct,key_01krwwnjdtfsmb85yzw3w6qpkn,project_01krg4y4z2edptxs4m7b1c78hc,4508,4508,0,0,82
req_01ks24a7v5ekhr312pfz671f03,1779261841253,200,0.295947,0.325677,meta-llama/llama-4-scout-17b-16e-instruct,key_01krwwnjdtfsmb85yzw3w6qpkn,project_01krg4y4z2edptxs4m7b1c78hc,4476,4476,0,0,14
req_01ks2497yre2crwnxb0jet9qxe,1779261808600,200,0.335158,0.772326,meta-llama/llama-4-scout-17b-16e-instruct,key_01krwwnjdtfsmb85yzw3w6qpkn,project_01krg4y4z2edptxs4m7b1c78hc,4773,4773,0,0,194
req_01ks248bcyec2atrcjhen0jt1x,1779261779358,200,0.419504,1.346585,meta-llama/llama-4-scout-17b-16e-instruct,key_01krwwnjdtfsmb85yzw3w6qpkn,project_01krg4y4z2edptxs4m7b1c78hc,4682,4682,0,0,411
req_01ks247dade8cshc6d1ze8nh41,1779261748557,200,0.288681,0.392663,meta-llama/llama-4-scout-17b-16e-instruct,key_01krwwnjdtfsmb85yzw3w6qpkn,project_01krg4y4z2edptxs4m7b1c78hc,4640,4640,0,0,47
req_01ks246k21fvn8qkm7fz503t6g,1779261721665,200,0.279443,0.927498,meta-llama/llama-4-scout-17b-16e-instruct,key_01krwwnjdtfsmb85yzw3w6qpkn,project_01krg4y4z2edptxs4m7b1c78hc,4251,4251,0,0,287
req_01ks246f9ve50rhj0dqfn7d6fk,1779261717819,200,0.302186,0.45139,meta-llama/llama-4-scout-17b-16e-instruct,key_01krwwnjdtfsmb85yzw3w6qpkn,project_01krg4y4z2edptxs4m7b1c78hc,4310,4310,0,0,67
req_01ks245gysfs2rc80j177nm9ey,1779261686745,200,0.264843,0.395781,meta-llama/llama-4-scout-17b-16e-instruct,key_01krwwnjdtfsmb85yzw3w6qpkn,project_01krg4y4z2edptxs4m7b1c78hc,4355,4355,0,0,59
req_01ks244h8jfpmt02vg489w1341,1779261654290,200,0.620219,0.659473,meta-llama/llama-4-scout-17b-16e-instruct,key_01krwwnjdtfsmb85yzw3w6qpkn,project_01krg4y4z2edptxs4m7b1c78hc,4311,4311,0,0,8
req_01ks243jnsegvt0vzdb4cm0xvq,1779261622969,200,0.499224,0.841885,meta-llama/llama-4-scout-17b-16e-instruct,key_01krwwnjdtfsmb85yzw3w6qpkn,project_01krg4y4z2edptxs4m7b1c78hc,4171,4171,0,0,152
req_01ks242m83ffjbrd864eemfcqj,1779261591811,200,0.310868,0.514942,meta-llama/llama-4-scout-17b-16e-instruct,key_01krwwnjdtfsmb85yzw3w6qpkn,project_01krg4y4z2edptxs4m7b1c78hc,3701,3701,0,0,91
req_01ks242m5vee1tbap7hwhdeycb,1779261591739,200,0.413136,1.072316,meta-llama/llama-4-scout-17b-16e-instruct,key_01krwwnjdtfsmb85yzw3w6qpkn,project_01krg4y4z2edptxs4m7b1c78hc,3758,3758,0,0,293
req_01ks241nxyfcfs7djm1p1rc7xz,1779261560766,200,0.544663,0.556225,meta-llama/llama-4-scout-17b-16e-instruct,key_01krwwnjdtfsmb85yzw3w6qpkn,project_01krg4y4z2edptxs4m7b1c78hc,3658,3658,0,0,6
req_01ks240qw7fa490hpjf1fxn96m,1779261529991,200,0.227829,0.243819,meta-llama/llama-4-scout-17b-16e-instruct,key_01krwwnjdtfsmb85yzw3w6qpkn,project_01krg4y4z2edptxs4m7b1c78hc,3593,3593,0,0,8
req_01ks23zsfaf3299nbra8g817v9,1779261498858,200,0.217725,0.396116,meta-llama/llama-4-scout-17b-16e-instruct,key_01krwwnjdtfsmb85yzw3w6qpkn,project_01krg4y4z2edptxs4m7b1c78hc,3456,3456,0,0,80
req_01ks23zrk5f319taqgf6s39k1k,1779261497957,200,0.22498,0.254604,meta-llama/llama-4-scout-17b-16e-instruct,key_01krwwnjdtfsmb85yzw3w6qpkn,project_01krg4y4z2edptxs4m7b1c78hc,3424,3424,0,0,14
req_01ks23zd81f2hakr619c64hx1f,1779261486337,200,0.342801,0.583831,meta-llama/llama-4-scout-17b-16e-instruct,key_01krwwnjdtfsmb85yzw3w6qpkn,project_01krg4y4z2edptxs4m7b1c78hc,3378,3378,0,0,107
req_01ks23yt8xextbjj0zng9bs64d,1779261466909,200,0.229476,0.374647,meta-llama/llama-4-scout-17b-16e-instruct,key_01krwwnjdtfsmb85yzw3w6qpkn,project_01krg4y4z2edptxs4m7b1c78hc,3255,3255,0,0,65
req_01ks23wyt0en9b0w40x9s5spv7,1779261406016,200,0.211515,0.286622,meta-llama/llama-4-scout-17b-16e-instruct,key_01krwwnjdtfsmb85yzw3w6qpkn,project_01krg4y4z2edptxs4m7b1c78hc,3424,3424,0,0,34
req_01ks23wqc1emgsgne9qh0hy35k,1779261398401,200,0.204199,0.423842,meta-llama/llama-4-scout-17b-16e-instruct,key_01krwwnjdtfsmb85yzw3w6qpkn,project_01krg4y4z2edptxs4m7b1c78hc,3274,3274,0,0,98
req_01ks23w0shes5agh9tpbydeh4q,1779261375281,200,0.189388,0.264616,meta-llama/llama-4-scout-17b-16e-instruct,key_01krwwnjdtfsmb85yzw3w6qpkn,project_01krg4y4z2edptxs4m7b1c78hc,3130,3130,0,0,34
req_01ks23vwbjegjt387t1qkz9hgt,1779261370738,200,0.473998,0.490211,meta-llama/llama-4-scout-17b-16e-instruct,key_01krwwnjdtfsmb85yzw3w6qpkn,project_01krg4y4z2edptxs4m7b1c78hc,3174,3174,0,0,8
req_01ks23vvzkeg6vjmvry54pq8cj,1779261370355,429,0,0.003559,llama-3.1-8b-instant,key_01krwwnjdtfsmb85yzw3w6qpkn,project_01krg4y4z2edptxs4m7b1c78hc,0,0,0,0,0,"{\"code\":\"rate_limit_exceeded\",\"message\":\"Rate limit reached for model `llama-3.1-8b-instant` in organization `org_01krg4y3xeecpvg5r7552gb6br` service tier `on_demand` on tokens per minute (TPM): Limit 6000, Used 2285, Requested 5295. Please try again in 15.799999999s. Need more tokens? Upgrade to Dev Tier today at https://console.groq.com/settings/billing\",\"param\":\"\",\"type\":\"tokens\"}"
req_01ks23txgdej997wp0egam6wcg,1779261339149,200,0.717824,0.760331,llama-3.1-8b-instant,key_01krwwnjdtfsmb85yzw3w6qpkn,project_01krg4y4z2edptxs4m7b1c78hc,3216,3216,0,0,29
req_01ks23sz4seg7rnydn22r955f1,1779261308057,200,0.38796,0.544721,llama-3.1-8b-instant,key_01krwwnjdtfsmb85yzw3w6qpkn,project_01krg4y4z2edptxs4m7b1c78hc,3139,3139,0,0,81
req_01ks23r31yf599v9c84rew7vw2,1779261246526,200,0.772871,1.185028,llama-3.1-8b-instant,key_01krwwnjdtfsmb85yzw3w6qpkn,project_01krg4y4z2edptxs4m7b1c78hc,3111,3111,0,0,173
req_01ks23r2qqf588ssef8syt4jbj,1779261246199,429,0,0.006321,llama-3.3-70b-versatile,key_01krwwnjdtfsmb85yzw3w6qpkn,project_01krg4y4z2edptxs4m7b1c78hc,0,0,0,0,0,"{\"code\":\"rate_limit_exceeded\",\"message\":\"Rate limit reached for model `llama-3.3-70b-versatile` in organization `org_01krg4y3xeecpvg5r7552gb6br` service tier `on_demand` on tokens per day (TPD): Limit 100000, Used 99173, Requested 5159. Please try again in 1h2m22.848s. Need more tokens? Upgrade to Dev Tier today at https://console.groq.com/settings/billing\",\"param\":\"\",\"type\":\"tokens\"}"
req_01ks23jh4tfmqrknpxhpazm57v,1779261064346,200,0.231042,0.955512,llama-3.3-70b-versatile,key_01krwwnjdtfsmb85yzw3w6qpkn,project_01krg4y4z2edptxs4m7b1c78hc,2848,2848,0,0,332
req_01ks23hk66esgbp5rk48qjqnks,1779261033670,200,0.312422,0.37242,llama-3.3-70b-versatile,key_01krwwnjdtfsmb85yzw3w6qpkn,project_01krg4y4z2edptxs4m7b1c78hc,2719,2719,0,0,18
req_01ks23dwh4fm7bfpv94y04pp2n,1779260912164,200,0.761226,0.962564,llama-3.3-70b-versatile,key_01krwwnjdtfsmb85yzw3w6qpkn,project_01krg4y4z2edptxs4m7b1c78hc,2825,2825,0,0,53
req_01ks23cygqer5r2nsq8afywq78,1779260881431,200,0.203316,0.236006,llama-3.3-70b-versatile,key_01krwwnjdtfsmb85yzw3w6qpkn,project_01krg4y4z2edptxs4m7b1c78hc,2736,2736,0,0,8
req_01ks23b2yhej1acrym18nbcq41,1779260820433,200,0.231042,0.497786,llama-3.3-70b-versatile,key_01krwwnjdtfsmb85yzw3w6qpkn,project_01krg4y4z2edptxs4m7b1c78hc,2768,2768,0,0,53
req_01ks23b277ehxvnses4g5n3faa,1779260819687,200,0.307958,0.365077,llama-3.3-70b-versatile,key_01krwwnjdtfsmb85yzw3w6qpkn,project_01krg4y4z2edptxs4m7b1c78hc,2788,2788,0,0,14
req_01ks23a2n2e78arqw5ys07ebry,1779260787362,200,0.649608,1.943658,llama-3.3-70b-versatile,key_01krwwnjdtfsmb85yzw3w6qpkn,project_01krg4y4z2edptxs4m7b1c78hc,2744,2744,0,0,46
req_01ks2386vdfa89ap53e3bh0dvb,1779260726125,200,0.637561,0.766979,llama-3.3-70b-versatile,key_01krwwnjdtfsmb85yzw3w6qpkn,project_01krg4y4z2edptxs4m7b1c78hc,2853,2853,0,0,39
req_01ks23803besz8vpr2tag47se5,1779260719211,200,0.527066,1.4788109999999999,llama-3.3-70b-versatile,key_01krwwnjdtfsmb85yzw3w6qpkn,project_01krg4y4z2edptxs4m7b1c78hc,2421,2421,0,0,280
req_01ks236g9weqvbaewrr5q1pr4p,1779260670268,200,0.449026,0.592251,llama-3.3-70b-versatile,key_01krwwnjdtfsmb85yzw3w6qpkn,project_01krg4y4z2edptxs4m7b1c78hc,2411,2411,0,0,32
req_01ks235h2xee7tn6ffqkz5kxqy,1779260638301,200,0.533689,1.4876610000000001,llama-3.3-70b-versatile,key_01krwwnjdtfsmb85yzw3w6qpkn,project_01krg4y4z2edptxs4m7b1c78hc,1897,1897,0,0,520
req_01ks233nqnfgev0ya50bd4ame6,1779260577525,200,0.233801,0.265853,llama-3.3-70b-versatile,key_01krwwnjdtfsmb85yzw3w6qpkn,project_01krg4y4z2edptxs4m7b1c78hc,1895,1895,0,0,8
req_01ks232kzff7h80g7kpwsct0ks,1779260542959,200,0.275631,0.331155,llama-3.3-70b-versatile,key_01krwwnjdtfsmb85yzw3w6qpkn,project_01krg4y4z2edptxs4m7b1c78hc,1801,1801,0,0,14
req_01ks230r0behzv4q7eazcd5xh7,1779260481547,200,0.396844,0.419465,llama-3.3-70b-versatile,key_01krwwnjdtfsmb85yzw3w6qpkn,project_01krg4y4z2edptxs4m7b1c78hc,1801,1801,0,0,13
req_01ks22zsj1ef09yh6sknmx43p8,1779260450369,200,0.349178,0.50065,llama-3.3-70b-versatile,key_01krwwnjdtfsmb85yzw3w6qpkn,project_01krg4y4z2edptxs4m7b1c78hc,1795,1795,0,0,27
req_01ks22yvdee1k8tq1q0by4gwnp,1779260419502,200,0.488018,0.589744,llama-3.3-70b-versatile,key_01krwwnjdtfsmb85yzw3w6qpkn,project_01krg4y4z2edptxs4m7b1c78hc,1734,1734,0,0,26
req_01ks22x01dfgps3443y7px3v7v,1779260358701,200,0.306317,0.436056,llama-3.3-70b-versatile,key_01krwwnjdtfsmb85yzw3w6qpkn,project_01krg4y4z2edptxs4m7b1c78hc,1929,1929,0,0,35
req_01ks22w1xdfkc8tpa0bhjwdnge,1779260327853,200,0.162478,0.192436,llama-3.3-70b-versatile,key_01krwwnjdtfsmb85yzw3w6qpkn,project_01krg4y4z2edptxs4m7b1c78hc,1911,1911,0,0,8
req_01ks22v3k9fg793qtzdv73evrt,1779260296809,200,0.299768,0.47665,llama-3.3-70b-versatile,key_01krwwnjdtfsmb85yzw3w6qpkn,project_01krg4y4z2edptxs4m7b1c78hc,1798,1798,0,0,48
req_01ks22v32afaza32z867n4awer,1779260296266,200,0.231318,0.284098,llama-3.3-70b-versatile,key_01krwwnjdtfsmb85yzw3w6qpkn,project_01krg4y4z2edptxs4m7b1c78hc,1766,1766,0,0,14
req_01ks22t1fkf7k88hj05n9eg333,1779260261875,200,0.141838,0.869429,llama-3.3-70b-versatile,key_01krwwnjdtfsmb85yzw3w6qpkn,project_01krg4y4z2edptxs4m7b1c78hc,1528,1528,0,0,237
req_01ks22s6evfa4ap5ysb6d3x1ky,1779260234203,200,0.227763,1.114649,llama-3.3-70b-versatile,key_01krwwnjdtfsmb85yzw3w6qpkn,project_01krg4y4z2edptxs4m7b1c78hc,1165,1165,0,0,349
req_01ks22kp78eh1sch7x9w3700sd,1779260053736,200,0.307027,0.704713,llama-3.3-70b-versatile,key_01krwwnjdtfsmb85yzw3w6qpkn,project_01krg4y4z2edptxs4m7b1c78hc,901,901,0,0,122
req_01ks22knktffvbaptbc7mjahnt,1779260053114,200,0.427676,0.510864,llama-3.3-70b-versatile,key_01krwwnjdtfsmb85yzw3w6qpkn,project_01krg4y4z2edptxs4m7b1c78hc,892,892,0,0,15
req_01ks22khewegk9jp7f906spwna,1779260048860,200,0.066742,0.091179,llama-3.3-70b-versatile,key_01krwwnjdtfsmb85yzw3w6qpkn,project_01krg4y4z2edptxs4m7b1c78hc,146,146,0,0,6
req_01ks22gx1tecst761cdtb9zkq4,1779259962426,200,0.245521,0.301355,llama-3.3-70b-versatile,key_01krwwnjdtfsmb85yzw3w6qpkn,project_01krg4y4z2edptxs4m7b1c78hc,812,812,0,0,19
req_01ks22gwstf2t90nqpjz6phhqr,1779259962170,200,0.329937,0.6749,llama-3.3-70b-versatile,key_01krwwnjdtfsmb85yzw3w6qpkn,project_01krg4y4z2edptxs4m7b1c78hc,677,677,0,0,90
req_01ks22fz3fe3qv89692cmgret2,1779259931759,200,0.210652,0.33974,llama-3.3-70b-versatile,key_01krwwnjdtfsmb85yzw3w6qpkn,project_01krg4y4z2edptxs4m7b1c78hc,752,752,0,0,30
req_01ks22fyhee3qssdttk9yhhr47,1779259931182,200,0.201938,0.246424,llama-3.3-70b-versatile,key_01krwwnjdtfsmb85yzw3w6qpkn,project_01krg4y4z2edptxs4m7b1c78hc,623,623,0,0,7
req_01ks22e2x6e43szxa69bfez2ba,1779259870118,200,0.382091,0.492215,llama-3.3-70b-versatile,key_01krwwnjdtfsmb85yzw3w6qpkn,project_01krg4y4z2edptxs4m7b1c78hc,975,975,0,0,23
req_01ks22e28yensartyywre3ncxf,1779259869470,200,0.112418,0.169237,llama-3.3-70b-versatile,key_01krwwnjdtfsmb85yzw3w6qpkn,project_01krg4y4z2edptxs4m7b1c78hc,933,933,0,0,11
req_01ks22d4ase11bagc8zhc1tn2a,1779259838809,200,0.252446,0.39242,llama-3.3-70b-versatile,key_01krwwnjdtfsmb85yzw3w6qpkn,project_01krg4y4z2edptxs4m7b1c78hc,845,845,0,0,30
req_01ks22d36fe0yb662d6f8mns4g,1779259837647,200,0.36389,0.390926,llama-3.3-70b-versatile,key_01krwwnjdtfsmb85yzw3w6qpkn,project_01krg4y4z2edptxs4m7b1c78hc,807,807,0,0,7
req_01ks22b7fdfn4t261hahr586gj,1779259776493,200,0.370343,0.491611,llama-3.3-70b-versatile,key_01krwwnjdtfsmb85yzw3w6qpkn,project_01krg4y4z2edptxs4m7b1c78hc,738,738,0,0,29
req_01ks22b6mve9btq30491744hd5,1779259775643,200,0.435566,0.444365,llama-3.3-70b-versatile,key_01krwwnjdtfsmb85yzw3w6qpkn,project_01krg4y4z2edptxs4m7b1c78hc,616,616,0,0,3
req_01ks22741cfr3bsbztysrwhb8p,1779259641900,200,0.091632,0.16387,llama-3.3-70b-versatile,key_01krwwnjdtfsmb85yzw3w6qpkn,project_01krg4y4z2edptxs4m7b1c78hc,600,600,0,0,22
req_01ks226k39f6mbnmh9rv0fbqe6,1779259624553,200,0.254308,0.415855,llama-3.3-70b-versatile,key_01krwwnjdtfsmb85yzw3w6qpkn,project_01krg4y4z2edptxs4m7b1c78hc,811,811,0,0,32
req_01ks225ms0fhms7ahf4v5agadd,1779259593504,200,0.586188,0.630751,llama-3.3-70b-versatile,key_01krwwnjdtfsmb85yzw3w6qpkn,project_01krg4y4z2edptxs4m7b1c78hc,787,787,0,0,20
req_01ks223sctf8b9nc16176wetcw,1779259532698,200,0.201047,0.336302,llama-3.3-70b-versatile,key_01krwwnjdtfsmb85yzw3w6qpkn,project_01krg4y4z2edptxs4m7b1c78hc,740,740,0,0,32
req_01ks223rpwf30angj6yk6js4vt,1779259531996,200,0.21704,0.263127,llama-3.3-70b-versatile,key_01krwwnjdtfsmb85yzw3w6qpkn,project_01krg4y4z2edptxs4m7b1c78hc,688,688,0,0,12
req_01ks221xh2er5sr3q4kbrd96a6,1779259471394,200,0.150807,0.275738,llama-3.3-70b-versatile,key_01krwwnjdtfsmb85yzw3w6qpkn,project_01krg4y4z2edptxs4m7b1c78hc,634,634,0,0,20
req_01ks221wx5ez08dk5gf8mmz55d,1779259470757,200,0.214935,0.255268,llama-3.3-70b-versatile,key_01krwwnjdtfsmb85yzw3w6qpkn,project_01krg4y4z2edptxs4m7b1c78hc,555,555,0,0,9
req_01ks2201nkeqjt8s8rcq949das,1779259410099,200,0.251788,0.262034,llama-3.3-70b-versatile,key_01krwwnjdtfsmb85yzw3w6qpkn,project_01krg4y4z2edptxs4m7b1c78hc,546,546,0,0,5
req_01ks21z3r9ekfa4wj7bx95nnet,1779259379465,200,0.1891,0.260676,llama-3.3-70b-versatile,key_01krwwnjdtfsmb85yzw3w6qpkn,project_01krg4y4z2edptxs4m7b1c78hc,504,504,0,0,18
req_01ks21x86jedzt1ymqwh94r23e,1779259318482,200,0.215034,0.30014,llama-3.3-70b-versatile,key_01krwwnjdtfsmb85yzw3w6qpkn,project_01krg4y4z2edptxs4m7b1c78hc,480,480,0,0,17
req_01ks20zg7res0ry2rg12wr192f,1779258343672,200,0.742577,1.08648,llama-3.3-70b-versatile,key_01krwwnjdtfsmb85yzw3w6qpkn,project_01krg4y4z2edptxs4m7b1c78hc,1433,1433,0,0,89
req_01ks20zg5fes0v4wed75db7mzv,1779258343599,200,0.809614,1.050624,llama-3.3-70b-versatile,key_01krwwnjdtfsmb85yzw3w6qpkn,project_01krg4y4z2edptxs4m7b1c78hc,1370,1370,0,0,77
req_01ks20whjtfesbpsbqer9v5f02,1779258246746,200,0.069579,0.1799,llama-3.3-70b-versatile,key_01krwwnjdtfsmb85yzw3w6qpkn,project_01krg4y4z2edptxs4m7b1c78hc,135,135,0,0,20
req_01ks20ry9ze3qtrvjdrwh2gb59,1779258128703,200,0.193674,0.618598,llama-3.3-70b-versatile,key_01krwwnjdtfsmb85yzw3w6qpkn,project_01krg4y4z2edptxs4m7b1c78hc,569,569,0,0,112
req_01ks20rnsvf1k9zkeg1kmt5jnc,1779258119995,200,0.225033,0.317472,llama-3.3-70b-versatile,key_01krwwnjdtfsmb85yzw3w6qpkn,project_01krg4y4z2edptxs4m7b1c78hc,514,514,0,0,20
req_01ks20ng6deshscs2p2gpkmw5j,1779258015949,200,0.349156,0.462439,llama-3.3-70b-versatile,key_01krwwnjdtfsmb85yzw3w6qpkn,project_01krg4y4z2edptxs4m7b1c78hc,520,520,0,0,20
req_01ks20kmjzem2vyfh39j3eqr23,1779257954911,200,0.294588,0.320443,llama-3.3-70b-versatile,key_01krwwnjdtfsmb85yzw3w6qpkn,project_01krg4y4z2edptxs4m7b1c78hc,572,572,0,0,5
req_01ks20hj0ef9rrbffq0wc6cg0e,1779257886734,200,0.16564,0.251444,llama-3.3-70b-versatile,key_01krwwnjdtfsmb85yzw3w6qpkn,project_01krg4y4z2edptxs4m7b1c78hc,505,505,0,0,19
req_01krzv562re5q8f9xjgd67h303,1779185129560,400,0,0.000723,mixtral-8x7b-32768,key_01krwwnjdtfsmb85yzw3w6qpkn,project_01krg4y4z2edptxs4m7b1c78hc,0,0,0,0,0,"{\"code\":\"model_decommissioned\",\"message\":\"The model `mixtral-8x7b-32768` has been decommissioned and is no longer supported. Please refer to https://console.groq.com/docs/deprecations for a recommendation on which model to use instead.\",\"param\":\"\",\"type\":\"invalid_request_error\"}"
req_01krzv55s3e5nbfppcj9kdjz2g,1779185129251,429,0,0.007983,llama-3.1-8b-instant,key_01krwwnjdtfsmb85yzw3w6qpkn,project_01krg4y4z2edptxs4m7b1c78hc,0,0,0,0,0,"{\"code\":\"rate_limit_exceeded\",\"message\":\"Rate limit reached for model `llama-3.1-8b-instant` in organization `org_01krg4y3xeecpvg5r7552gb6br` service tier `on_demand` on tokens per minute (TPM): Limit 6000, Used 3915, Requested 5408. Please try again in 33.229999999s. Need more tokens? Upgrade to Dev Tier today at https://console.groq.com/settings/billing\",\"param\":\"\",\"type\":\"tokens\"}"
req_01krzv4rccez78tdfx88k8axt7,1779185115532,200,0.536778,1.410184,llama-3.1-8b-instant,key_01krwwnjdtfsmb85yzw3w6qpkn,project_01krg4y4z2edptxs4m7b1c78hc,2946,2946,0,0,292
req_01krzv4r4mf8ztqfvy6hhczmvq,1779185115284,429,0,0.004829,llama-3.3-70b-versatile,key_01krwwnjdtfsmb85yzw3w6qpkn,project_01krg4y4z2edptxs4m7b1c78hc,0,0,0,0,0,"{\"code\":\"rate_limit_exceeded\",\"message\":\"Rate limit reached for model `llama-3.3-70b-versatile` in organization `org_01krg4y3xeecpvg5r7552gb6br` service tier `on_demand` on tokens per day (TPD): Limit 100000, Used 99977, Requested 3602. Please try again in 51m32.256s. Need more tokens? Upgrade to Dev Tier today at https://console.groq.com/settings/billing\",\"param\":\"\",\"type\":\"tokens\"}"
req_01krzv42jbf6qrkd2sbxfzqcbm,1779185093195,200,0.512786,1.554023,llama-3.3-70b-versatile,key_01krwwnjdtfsmb85yzw3w6qpkn,project_01krg4y4z2edptxs4m7b1c78hc,2809,2809,0,0,656
req_01krzv26v1ekebnnvgys7fxtyv,1779185032033,200,0.695995,0.705269,llama-3.3-70b-versatile,key_01krwwnjdtfsmb85yzw3w6qpkn,project_01krg4y4z2edptxs4m7b1c78hc,2794,2794,0,0,3
req_01krzv18tyfnj8b7xh7pn6e78n,1779185001310,200,0.254744,0.508994,llama-3.3-70b-versatile,key_01krwwnjdtfsmb85yzw3w6qpkn,project_01krg4y4z2edptxs4m7b1c78hc,2701,2701,0,0,77
req_01krztxm6qe1x9nmtmj50tef4x,1779184881879,200,0.995012,1.8065769999999999,llama-3.3-70b-versatile,key_01krwwnjdtfsmb85yzw3w6qpkn,project_01krg4y4z2edptxs4m7b1c78hc,2480,2480,0,0,294
req_01krztxjtaf95bmtmce6y614bm,1779184880458,200,0.343451,0.574429,llama-3.3-70b-versatile,key_01krwwnjdtfsmb85yzw3w6qpkn,project_01krg4y4z2edptxs4m7b1c78hc,2398,2398,0,0,57
req_01krztxhkfe1naej1fv37tkk09,1779184879215,200,0.808341,0.892272,llama-3.3-70b-versatile,key_01krwwnjdtfsmb85yzw3w6qpkn,project_01krg4y4z2edptxs4m7b1c78hc,2364,2364,0,0,16
req_01krztwr40fzm95kxkv60py089,1779184853120,200,0.590204,0.610718,llama-3.3-70b-versatile,key_01krwwnjdtfsmb85yzw3w6qpkn,project_01krg4y4z2edptxs4m7b1c78hc,171,171,0,0,4
req_01krzts240frx95twa6xxn8z09,1779184732288,200,0.407168,2.16847,llama-3.3-70b-versatile,key_01krwwnjdtfsmb85yzw3w6qpkn,project_01krg4y4z2edptxs4m7b1c78hc,1118,1118,0,0,676
req_01krztrxx3fr79h333hcwt0an3,1779184727971,200,0.405954,0.655739,llama-3.3-70b-versatile,key_01krwwnjdtfsmb85yzw3w6qpkn,project_01krg4y4z2edptxs4m7b1c78hc,953,953,0,0,61
req_01krztrwx3fr5bfcv03xy3ckms,1779184726947,200,0.274422,0.304693,llama-3.3-70b-versatile,key_01krwwnjdtfsmb85yzw3w6qpkn,project_01krg4y4z2edptxs4m7b1c78hc,925,925,0,0,10
req_01krztq1b7fh2s2pynd0e4h2sf,1779184665959,200,0.320575,0.605715,llama-3.3-70b-versatile,key_01krwwnjdtfsmb85yzw3w6qpkn,project_01krg4y4z2edptxs4m7b1c78hc,934,934,0,0,61
req_01krztme1wf5tscvh4jxjpfajh,1779184580668,200,0.426996,1.165199,llama-3.3-70b-versatile,key_01krwwnjdtfsmb85yzw3w6qpkn,project_01krg4y4z2edptxs4m7b1c78hc,796,796,0,0,201
req_01krztm824f4s8xw1z3zgenkgw,1779184574532,200,0.51314,0.839272,llama-3.3-70b-versatile,key_01krwwnjdtfsmb85yzw3w6qpkn,project_01krg4y4z2edptxs4m7b1c78hc,915,915,0,0,145
req_01krztjbjaevb91nkd98mpdeyc,1779184512586,200,0.453722,1.156893,llama-3.3-70b-versatile,key_01krwwnjdtfsmb85yzw3w6qpkn,project_01krg4y4z2edptxs4m7b1c78hc,739,739,0,0,314
req_01krztgeyqe8dry99kz41k1k3g,1779184450519,200,1.409457,1.7112889999999998,llama-3.3-70b-versatile,key_01krwwnjdtfsmb85yzw3w6qpkn,project_01krg4y4z2edptxs4m7b1c78hc,614,614,0,0,64
req_01krztge1veh3rc3xyrsx2kgwg,1779184449595,200,0.309861,0.558462,llama-3.3-70b-versatile,key_01krwwnjdtfsmb85yzw3w6qpkn,project_01krg4y4z2edptxs4m7b1c78hc,516,516,0,0,50
req_01krztgb2xe83sqjjwmhjpsvjw,1779184446557,200,0.885653,1.020702,llama-3.3-70b-versatile,key_01krwwnjdtfsmb85yzw3w6qpkn,project_01krg4y4z2edptxs4m7b1c78hc,478,478,0,0,19
req_01krzpj16mergtxpmgfc8g48m6,1779180307668,200,0.503593,1.264421,llama-3.3-70b-versatile,key_01krwwnjdtfsmb85yzw3w6qpkn,project_01krg4y4z2edptxs4m7b1c78hc,2107,2107,0,0,238
req_01krzph4e9en1rw2qh5sjzgt6w,1779180278217,200,0.51126,0.753955,llama-3.3-70b-versatile,key_01krwwnjdtfsmb85yzw3w6qpkn,project_01krg4y4z2edptxs4m7b1c78hc,2121,2121,0,0,72
req_01krzph3nmfzk8s7t2mwb7hv13,1779180277428,200,0.372801,0.581381,llama-3.3-70b-versatile,key_01krwwnjdtfsmb85yzw3w6qpkn,project_01krg4y4z2edptxs4m7b1c78hc,2000,2000,0,0,56
req_01krzpgz6yemkb8yp7tc4p5vsr,1779180272862,200,0.555325,0.596094,llama-3.3-70b-versatile,key_01krwwnjdtfsmb85yzw3w6qpkn,project_01krg4y4z2edptxs4m7b1c78hc,1968,1968,0,0,13
req_01krzpe5bdfndr6k4wqhc4q3ed,1779180180845,200,0.429923,0.646752,llama-3.3-70b-versatile,key_01krwwnjdtfsmb85yzw3w6qpkn,project_01krg4y4z2edptxs4m7b1c78hc,2102,2102,0,0,51
req_01krzpe31gfn49cjy8stpc6n9x,1779180178480,200,0.31917,0.9938,llama-3.3-70b-versatile,key_01krwwnjdtfsmb85yzw3w6qpkn,project_01krg4y4z2edptxs4m7b1c78hc,1437,1437,0,0,273
req_01krzpe2xrfscbmav41fg2dm94,1779180178360,200,0.343778,0.945302,llama-3.3-70b-versatile,key_01krwwnjdtfsmb85yzw3w6qpkn,project_01krg4y4z2edptxs4m7b1c78hc,1416,1416,0,0,240
req_01krzpe2pwfscba14hzkmd2vf5,1779180178140,200,0.608262,1.22613,llama-3.3-70b-versatile,key_01krwwnjdtfsmb85yzw3w6qpkn,project_01krg4y4z2edptxs4m7b1c78hc,1417,1417,0,0,234
req_01krzpdrnffm3rh1fv8r2vzhpz,1779180167855,200,0.350741,0.452314,llama-3.3-70b-versatile,key_01krwwnjdtfsmb85yzw3w6qpkn,project_01krg4y4z2edptxs4m7b1c78hc,139,139,0,0,22
req_01krzpc2e4e4fs3d2hs9pm3zyk,1779180112324,200,0.756072,1.7007910000000002,llama-3.3-70b-versatile,key_01krwwnjdtfsmb85yzw3w6qpkn,project_01krg4y4z2edptxs4m7b1c78hc,991,991,0,0,274
req_01krzpac7xf8fbtr4kgcqhzxjk,1779180056829,200,0.38727,0.622954,llama-3.3-70b-versatile,key_01krwwnjdtfsmb85yzw3w6qpkn,project_01krg4y4z2edptxs4m7b1c78hc,1074,1074,0,0,75
req_01krzpab4rfe588ppkzqscc5z8,1779180055704,200,0.273321,0.319631,llama-3.3-70b-versatile,key_01krwwnjdtfsmb85yzw3w6qpkn,project_01krg4y4z2edptxs4m7b1c78hc,1031,1031,0,0,10
req_01krzp9geef5vsm01mj835c0rh,1779180028366,200,0.370195,0.935746,llama-3.3-70b-versatile,key_01krwwnjdtfsmb85yzw3w6qpkn,project_01krg4y4z2edptxs4m7b1c78hc,685,685,0,0,181
req_01krzp8fa9f0wsqax7sfc8yse0,1779179994441,200,0.463042,0.645187,llama-3.3-70b-versatile,key_01krwwnjdtfsmb85yzw3w6qpkn,project_01krg4y4z2edptxs4m7b1c78hc,714,714,0,0,37
req_01krzp8ebtf0tvrtf7bnx5bfe5,1779179993466,200,0.21198,0.32344,llama-3.3-70b-versatile,key_01krwwnjdtfsmb85yzw3w6qpkn,project_01krg4y4z2edptxs4m7b1c78hc,624,624,0,0,20
req_01krzp7g9cextaa74dq6eygxw5,1779179962668,200,0.254011,0.476704,llama-3.3-70b-versatile,key_01krwwnjdtfsmb85yzw3w6qpkn,project_01krg4y4z2edptxs4m7b1c78hc,552,552,0,0,45
req_01krzp7efrexnb7kpct6r1tsfc,1779179960824,200,0.186625,0.443296,llama-3.3-70b-versatile,key_01krwwnjdtfsmb85yzw3w6qpkn,project_01krg4y4z2edptxs4m7b1c78hc,495,495,0,0,57
req_01krzntw4bfs5agbqkbm1n6g2t,1779179548811,200,0.270806,1.018081,llama-3.3-70b-versatile,key_01krwwnjdtfsmb85yzw3w6qpkn,project_01krg4y4z2edptxs4m7b1c78hc,566,566,0,0,314
req_01krzn59cbf8q81fm4fddwxd9w,1779178841483,200,0.262407,0.59879,llama-3.3-70b-versatile,key_01krwwnjdtfsmb85yzw3w6qpkn,project_01krg4y4z2edptxs4m7b1c78hc,530,530,0,0,75
req_01krzn58m5ew295fwcw2644fpw,1779178840709,200,0.260122,1.49025,llama-3.3-70b-versatile,key_01krwwnjdtfsmb85yzw3w6qpkn,project_01krg4y4z2edptxs4m7b1c78hc,567,567,0,0,580
req_01krzmrtknfpa94zb2gy372b6p,1779178433141,200,0.08585,0.226385,llama-3.3-70b-versatile,key_01krwwnjdtfsmb85yzw3w6qpkn,project_01krg4y4z2edptxs4m7b1c78hc,455,455,0,0,21
req_01krzk5yjceq0a2h3vyyqa8mvx,1779176766028,200,0.201096,0.483174,llama-3.3-70b-versatile,key_01krwwnjdtfsmb85yzw3w6qpkn,project_01krg4y4z2edptxs4m7b1c78hc,488,488,0,0,58
req_01krzj287jectvaw30mrc42tjd,1779175596274,200,0.507035,0.858205,llama-3.3-70b-versatile,key_01krwwnjdtfsmb85yzw3w6qpkn,project_01krg4y4z2edptxs4m7b1c78hc,2561,2561,0,0,90
req_01krzj1qwqetp8d2h2g2g7n7d1,1779175579543,200,0.465852,1.495832,llama-3.3-70b-versatile,key_01krwwnjdtfsmb85yzw3w6qpkn,project_01krg4y4z2edptxs4m7b1c78hc,2195,2195,0,0,412
req_01krzj0qpje2zrbdkpq9fsnh8t,1779175546578,200,0.517456,0.791988,llama-3.3-70b-versatile,key_01krwwnjdtfsmb85yzw3w6qpkn,project_01krg4y4z2edptxs4m7b1c78hc,1642,1642,0,0,99
req_01krzj0nsse7nt4cpezfpb4fm5,1779175544633,200,0.649577,1.323336,llama-3.3-70b-versatile,key_01krwwnjdtfsmb85yzw3w6qpkn,project_01krg4y4z2edptxs4m7b1c78hc,1555,1555,0,0,295
req_01krzj0nb6e2pvgs70pqa72kps,1779175544166,200,0.434253,0.443346,llama-3.3-70b-versatile,key_01krwwnjdtfsmb85yzw3w6qpkn,project_01krg4y4z2edptxs4m7b1c78hc,1563,1563,0,0,3
req_01krzhzzyke03tehtjzg6cccq3,1779175522259,200,0.166556,0.213276,llama-3.3-70b-versatile,key_01krwwnjdtfsmb85yzw3w6qpkn,project_01krg4y4z2edptxs4m7b1c78hc,127,127,0,0,12
req_01krzhzxxre58semyxk40x4d3h,1779175520184,200,0.179057,0.251425,llama-3.3-70b-versatile,key_01krwwnjdtfsmb85yzw3w6qpkn,project_01krg4y4z2edptxs4m7b1c78hc,127,127,0,0,17
req_01krzhzw3jem8tt8nwdnpdssab,1779175518322,200,0.324993,0.389878,llama-3.3-70b-versatile,key_01krwwnjdtfsmb85yzw3w6qpkn,project_01krg4y4z2edptxs4m7b1c78hc,127,127,0,0,12
req_01krzhzt4ae4wbvm9f831tm7va,1779175516298,200,0.177548,0.257954,llama-3.3-70b-versatile,key_01krwwnjdtfsmb85yzw3w6qpkn,project_01krg4y4z2edptxs4m7b1c78hc,127,127,0,0,15
req_01krzhzr3ae4jb2t610kebq95t,1779175514218,200,0.065925,0.130623,llama-3.3-70b-versatile,key_01krwwnjdtfsmb85yzw3w6qpkn,project_01krg4y4z2edptxs4m7b1c78hc,127,127,0,0,11
req_01krzhzh1sek9tvggcqb98fz3d,1779175507001,200,0.34581,0.376574,llama-3.3-70b-versatile,key_01krwwnjdtfsmb85yzw3w6qpkn,project_01krg4y4z2edptxs4m7b1c78hc,127,127,0,0,10
req_01krzhzf3cek18wga1gxp1bvag,1779175505004,200,0.180154,0.271879,llama-3.3-70b-versatile,key_01krwwnjdtfsmb85yzw3w6qpkn,project_01krg4y4z2edptxs4m7b1c78hc,129,129,0,0,15
req_01krzhzd53ejv8b9xtxqetx4xt,1779175503011,200,0.174324,0.247535,llama-3.3-70b-versatile,key_01krwwnjdtfsmb85yzw3w6qpkn,project_01krg4y4z2edptxs4m7b1c78hc,129,129,0,0,14
req_01krzhzb53ejfag5vmv0rxmdzy,1779175500964,200,0.295372,0.383531,llama-3.3-70b-versatile,key_01krwwnjdtfsmb85yzw3w6qpkn,project_01krg4y4z2edptxs4m7b1c78hc,129,129,0,0,15
req_01krzhz9a6ej8vnwvkz830haa7,1779175499078,200,0.173449,0.246817,llama-3.3-70b-versatile,key_01krwwnjdtfsmb85yzw3w6qpkn,project_01krg4y4z2edptxs4m7b1c78hc,129,129,0,0,15
req_01krzhz75pej5t05ytf5kxcn06,1779175496886,200,0.179939,0.254087,llama-3.3-70b-versatile,key_01krwwnjdtfsmb85yzw3w6qpkn,project_01krg4y4z2edptxs4m7b1c78hc,129,129,0,0,12
req_01krzhz58zej1afxxn73jemdj9,1779175494943,200,0.335433,0.409688,llama-3.3-70b-versatile,key_01krwwnjdtfsmb85yzw3w6qpkn,project_01krg4y4z2edptxs4m7b1c78hc,134,134,0,0,14
req_01krzhz4b5e2fvx3vxjdb8mwps,1779175493989,200,0.066093,0.132921,llama-3.3-70b-versatile,key_01krwwnjdtfsmb85yzw3w6qpkn,project_01krg4y4z2edptxs4m7b1c78hc,134,134,0,0,14
req_01krzhxqy5edbtfknnj54wv7hp,1779175448517,200,0.23825,0.249369,llama-3.3-70b-versatile,key_01krwwnjdtfsmb85yzw3w6qpkn,project_01krg4y4z2edptxs4m7b1c78hc,1803,1803,0,0,5
req_01krzhx6dwfvgawam0fmbd6pt6,1779175430588,200,0.246258,1.212085,llama-3.3-70b-versatile,key_01krwwnjdtfsmb85yzw3w6qpkn,project_01krg4y4z2edptxs4m7b1c78hc,860,860,0,0,389
req_01krzhvt0hfjnv4g37gsbpzwcv,1779175385105,200,0.231094,0.452911,llama-3.3-70b-versatile,key_01krwwnjdtfsmb85yzw3w6qpkn,project_01krg4y4z2edptxs4m7b1c78hc,1270,1270,0,0,54
req_01krzhvqsre6vt8xhfex84vhz3,1779175382840,200,0.501572,0.714293,llama-3.3-70b-versatile,key_01krwwnjdtfsmb85yzw3w6qpkn,project_01krg4y4z2edptxs4m7b1c78hc,1151,1151,0,0,56
req_01krzhty9fe4kt1qz8wt9dnban,1779175356719,200,0.353612,0.373798,llama-3.3-70b-versatile,key_01krwwnjdtfsmb85yzw3w6qpkn,project_01krg4y4z2edptxs4m7b1c78hc,1187,1187,0,0,8
req_01krzhtapvfhwad4vvfe21k33n,1779175336667,200,0.192294,0.931187,llama-3.3-70b-versatile,key_01krwwnjdtfsmb85yzw3w6qpkn,project_01krg4y4z2edptxs4m7b1c78hc,553,553,0,0,248
req_01krzhs0czfxh9qan8z3yvx3py,1779175293343,200,0.371456,0.547678,llama-3.3-70b-versatile,key_01krwwnjdtfsmb85yzw3w6qpkn,project_01krg4y4z2edptxs4m7b1c78hc,784,784,0,0,54
req_01krzhrxtwfcjakaj9jkf7t8g2,1779175290716,200,0.205754,0.724908,llama-3.3-70b-versatile,key_01krwwnjdtfsmb85yzw3w6qpkn,project_01krg4y4z2edptxs4m7b1c78hc,752,752,0,0,222
req_01krzhpzqef04sd0rc4js4evb8,1779175227118,200,0.091521,0.43458,llama-3.3-70b-versatile,key_01krwwnjdtfsmb85yzw3w6qpkn,project_01krg4y4z2edptxs4m7b1c78hc,628,628,0,0,62
req_01krzhpxgyezvbejpdmzd8kvpv,1779175224862,200,0.24535,0.586736,llama-3.3-70b-versatile,key_01krwwnjdtfsmb85yzw3w6qpkn,project_01krg4y4z2edptxs4m7b1c78hc,515,515,0,0,76
req_01krzhpwcyf4a83727yxn5meyq,1779175223710,200,0.461491,0.579148,llama-3.3-70b-versatile,key_01krwwnjdtfsmb85yzw3w6qpkn,project_01krg4y4z2edptxs4m7b1c78hc,527,527,0,0,20
req_01krzhnwmketvsb7w4xkesnpae,1779175191187,200,0.09294,0.368517,llama-3.3-70b-versatile,key_01krwwnjdtfsmb85yzw3w6qpkn,project_01krg4y4z2edptxs4m7b1c78hc,485,485,0,0,45
req_01krx3a6rtem79dwqwjvzsrr72,1779093019418,200,0.242107,0.502857,llama-3.3-70b-versatile,key_01krwwnjdtfsmb85yzw3w6qpkn,project_01krg4y4z2edptxs4m7b1c78hc,1412,1412,0,0,65
req_01krx3a4k3f38brrp4fq4849cj,1779093017187,200,0.615381,0.653176,llama-3.3-70b-versatile,key_01krwwnjdtfsmb85yzw3w6qpkn,project_01krg4y4z2edptxs4m7b1c78hc,1392,1392,0,0,7
req_01krx395g0ezv9hefm0mjs2g7n,1779092985344,200,0.202442,0.423832,llama-3.3-70b-versatile,key_01krwwnjdtfsmb85yzw3w6qpkn,project_01krg4y4z2edptxs4m7b1c78hc,1274,1274,0,0,48
req_01krx3935rfh8b92x7dhpw11hh,1779092982968,200,0.221708,0.785989,llama-3.3-70b-versatile,key_01krwwnjdtfsmb85yzw3w6qpkn,project_01krg4y4z2edptxs4m7b1c78hc,1162,1162,0,0,281
req_01krx375ceetka3jn98jnx8csw,1779092919694,200,0.268071,0.419907,llama-3.3-70b-versatile,key_01krwwnjdtfsmb85yzw3w6qpkn,project_01krg4y4z2edptxs4m7b1c78hc,1067,1067,0,0,56
req_01krx372sffczaahcy9w2xy3v5,1779092917039,200,0.274258,0.452395,llama-3.3-70b-versatile,key_01krwwnjdtfsmb85yzw3w6qpkn,project_01krg4y4z2edptxs4m7b1c78hc,985,985,0,0,72
req_01krx3685peqyr4q5v5mrgwmca,1779092889782,200,0.180183,0.367588,llama-3.3-70b-versatile,key_01krwwnjdtfsmb85yzw3w6qpkn,project_01krg4y4z2edptxs4m7b1c78hc,887,887,0,0,74
req_01krx36534eqjrvz7rsbgks2pm,1779092886628,200,0.168793,0.177829,llama-3.3-70b-versatile,key_01krwwnjdtfsmb85yzw3w6qpkn,project_01krg4y4z2edptxs4m7b1c78hc,115,115,0,0,3
req_01krx3633ee8jrfeq7j0ycrvbd,1779092884590,200,0.067108,0.087527,llama-3.3-70b-versatile,key_01krwwnjdtfsmb85yzw3w6qpkn,project_01krg4y4z2edptxs4m7b1c78hc,115,115,0,0,4
req_01krx362kpfar9z11hj1fwstay,1779092884086,200,0.0749,0.095006,llama-3.3-70b-versatile,key_01krwwnjdtfsmb85yzw3w6qpkn,project_01krg4y4z2edptxs4m7b1c78hc,120,120,0,0,4
req_01krx32bszfz6t0sr9yx5dajzv,1779092762431,200,0.213092,0.396261,llama-3.3-70b-versatile,key_01krwwnjdtfsmb85yzw3w6qpkn,project_01krg4y4z2edptxs4m7b1c78hc,972,972,0,0,43
req_01krx3297vfyyapfs59saf02gj,1779092759803,200,0.258728,0.779139,llama-3.3-70b-versatile,key_01krwwnjdtfsmb85yzw3w6qpkn,project_01krg4y4z2edptxs4m7b1c78hc,864,864,0,0,219
req_01krx3138fexcv0jfh2z0py2a2,1779092720911,200,0.20678,0.447943,llama-3.3-70b-versatile,key_01krwwnjdtfsmb85yzw3w6qpkn,project_01krg4y4z2edptxs4m7b1c78hc,774,774,0,0,85
req_01krx3118ge8dv7gnss22zr2j7,1779092718864,200,0.151318,0.474243,llama-3.3-70b-versatile,key_01krwwnjdtfsmb85yzw3w6qpkn,project_01krg4y4z2edptxs4m7b1c78hc,681,681,0,0,77
req_01krx30bhxev9v7eh317t1z3yx,1779092696637,200,0.406212,0.493867,llama-3.3-70b-versatile,key_01krwwnjdtfsmb85yzw3w6qpkn,project_01krg4y4z2edptxs4m7b1c78hc,595,595,0,0,29
req_01krx2zm64fpzt7mt1vpycqz4f,1779092672708,200,0.068764,0.088585,llama-3.3-70b-versatile,key_01krwwnjdtfsmb85yzw3w6qpkn,project_01krg4y4z2edptxs4m7b1c78hc,102,102,0,0,4
req_01krx2zj5tesx9zyehbj067dfe,1779092670650,200,0.07127,0.089569,llama-3.3-70b-versatile,key_01krwwnjdtfsmb85yzw3w6qpkn,project_01krg4y4z2edptxs4m7b1c78hc,135,135,0,0,5
req_01krx2zg7rfpm9dswaqamdjqej,1779092668664,200,0.167712,0.186361,llama-3.3-70b-versatile,key_01krwwnjdtfsmb85yzw3w6qpkn,project_01krg4y4z2edptxs4m7b1c78hc,102,102,0,0,4
req_01krx2zah6e3ds0h9wznwrqw41,1779092662822,200,0.343481,0.380378,llama-3.3-70b-versatile,key_01krwwnjdtfsmb85yzw3w6qpkn,project_01krg4y4z2edptxs4m7b1c78hc,146,146,0,0,9
req_01krx2yns0eqh81mxngj17g3m5,1779092641568,200,0.07264,0.101746,llama-3.3-70b-versatile,key_01krwwnjdtfsmb85yzw3w6qpkn,project_01krg4y4z2edptxs4m7b1c78hc,107,107,0,0,5
req_01krx2ykrneq994edzr1yhnf3h,1779092639509,200,0.324432,0.360279,llama-3.3-70b-versatile,key_01krwwnjdtfsmb85yzw3w6qpkn,project_01krg4y4z2edptxs4m7b1c78hc,107,107,0,0,7
req_01krx2yhvteq48ttp6se3d3p7t,1779092637562,200,0.068585,0.095461,llama-3.3-70b-versatile,key_01krwwnjdtfsmb85yzw3w6qpkn,project_01krg4y4z2edptxs4m7b1c78hc,107,107,0,0,5
req_01krx2ygbqfm0veqf62p9nqah6,1779092636023,200,0.064982,0.094835,llama-3.3-70b-versatile,key_01krwwnjdtfsmb85yzw3w6qpkn,project_01krg4y4z2edptxs4m7b1c78hc,107,107,0,0,5
req_01krx2wh6yffebjmvsrspj60pt,1779092571358,200,0.23822,0.501327,llama-3.3-70b-versatile,key_01krwwnjdtfsmb85yzw3w6qpkn,project_01krg4y4z2edptxs4m7b1c78hc,487,487,0,0,51
req_01krx2tkdnfna9m4dycnqs67hy,1779092508085,200,0.208411,0.491696,llama-3.3-70b-versatile,key_01krwwnjdtfsmb85yzw3w6qpkn,project_01krg4y4z2edptxs4m7b1c78hc,401,401,0,0,78
req_01krx23qqqfbnsre5yrnzkjx2h,1779091758839,200,0.18924,0.266531,llama-3.3-70b-versatile,key_01krwwnjdtfsmb85yzw3w6qpkn,project_01krg4y4z2edptxs4m7b1c78hc,447,447,0,0,26
req_01krx234hyf9dvs7ym9gv9yxmw,1779091739198,200,0.174036,0.17478,llama-3.3-70b-versatile,key_01krwwnjdtfsmb85yzw3w6qpkn,project_01krg4y4z2edptxs4m7b1c78hc,118,118,0,0,8
req_01krx2334df98t72sh60p14n9q,1779091737741,200,0.365599,0.39431,llama-3.3-70b-versatile,key_01krwwnjdtfsmb85yzw3w6qpkn,project_01krg4y4z2edptxs4m7b1c78hc,108,108,0,0,7
req_01krx231jsf938ze3rf5a2sr9k,1779091736153,200,0.331402,0.411702,llama-3.3-70b-versatile,key_01krwwnjdtfsmb85yzw3w6qpkn,project_01krg4y4z2edptxs4m7b1c78hc,140,140,0,0,12
req_01krx218pkeyc82hey1gmcmpsf,1779091677907,200,0.174554,0.184715,llama-3.3-70b-versatile,key_01krwwnjdtfsmb85yzw3w6qpkn,project_01krg4y4z2edptxs4m7b1c78hc,122,122,0,0,7
req_01krx20rspey39g86fzmc0bqb0,1779091661622,200,0.178587,0.189486,llama-3.3-70b-versatile,key_01krwwnjdtfsmb85yzw3w6qpkn,project_01krg4y4z2edptxs4m7b1c78hc,118,118,0,0,5